{
  "name": "cls",
  "method": "simgcd",
  "dataset": "scars",
  "dino": "v1",
  "split": "train_unlabelled",
  "n_points": 4000,
  "dim": 196,
  "n_classes": 196,
  "n_known_classes": 98,
  "curvature_c": 0.031154,
  "ball_radius": 5.66556324829753,
  "global_mean_depth": 1.4550033807754517,
  "embedding": {
    "embed": "pca",
    "explained_variance_ratio": [
      0.02088475041091442,
      0.06768066436052322
    ]
  },
  "radial": {
    "depth_mean": 4.868574142456055,
    "depth_std": 0.1223052367568016,
    "depth_min": 4.543613433837891,
    "depth_max": 5.439743995666504,
    "eucl_norm_mean": 2.2945573329925537,
    "eucl_norm_max": 2.52854323387146,
    "ball_radius": 5.66556324829753,
    "rel_norm_mean": 0.40500080585479736,
    "rel_norm_max": 0.4463004171848297,
    "frac_near_boundary_0.9R": 0.0
  },
  "directional_uniformity": {
    "mean_resultant_length": 0.3597090244293213,
    "cos_abs_mean": 0.15133824944496155,
    "cos_mean": 0.12988510727882385,
    "cos_std": 0.15983359515666962
  },
  "distance_uniformity": {
    "uniformity_loss_t1": -11.78453497350248,
    "pair_dist_mean": 6.785927317444261,
    "pair_dist_std": 0.6172543632469866,
    "pair_dist_median": 6.897716623721571
  },
  "alignment_separation": {
    "alignment_intra_mean": 2.81527598781275,
    "separation_intermean_mean": 5.04313530133031,
    "separation_over_alignment": 1.7913466819489647
  },
  "delta_hyperbolicity": {
    "delta_rel_mean": 0.37401568717566874,
    "delta_rel_std": 0.013543946323841264,
    "delta_batch": 512,
    "delta_n_tries": 8
  },
  "hierarchy": {
    "cophenetic_corr": 0.6925717341389762,
    "class_mean_depth_mean": 3.7674689292907715,
    "class_mean_depth_std": 0.3157990574836731,
    "class_mean_depth_known_mean": 3.8726553916931152,
    "class_mean_depth_novel_mean": 3.6622822284698486
  },
  "predicted_acc_on_split": 0.2705
}