{
  "name": "rep",
  "method": "simgcd",
  "dataset": "scars",
  "dino": "v1",
  "split": "train_unlabelled",
  "n_points": 4000,
  "dim": 768,
  "n_classes": 196,
  "n_known_classes": 98,
  "curvature_c": 0.031154,
  "ball_radius": 5.66556324829753,
  "global_mean_depth": 0.3515683710575104,
  "embedding": {
    "embed": "pca",
    "explained_variance_ratio": [
      0.09904246777296066,
      0.07488415390253067
    ]
  },
  "radial": {
    "depth_mean": 4.599998950958252,
    "depth_std": 5.349828029466153e-07,
    "depth_min": 4.5999979972839355,
    "depth_max": 4.599999904632568,
    "eucl_norm_mean": 2.18145751953125,
    "eucl_norm_max": 2.1814582347869873,
    "ball_radius": 5.66556324829753,
    "rel_norm_mean": 0.3850381374359131,
    "rel_norm_max": 0.38503819704055786,
    "frac_near_boundary_0.9R": 0.0
  },
  "directional_uniformity": {
    "mean_resultant_length": 0.09731197357177734,
    "cos_abs_mean": 0.14914532005786896,
    "cos_mean": 0.009906218387186527,
    "cos_std": 0.21691177785396576
  },
  "distance_uniformity": {
    "uniformity_loss_t1": -8.190099568276434,
    "pair_dist_mean": 6.7296381276586095,
    "pair_dist_std": 0.8350941572505424,
    "pair_dist_median": 6.966720448254306
  },
  "alignment_separation": {
    "alignment_intra_mean": 2.279778557560649,
    "separation_intermean_mean": 5.573001880489823,
    "separation_over_alignment": 2.444536492179472
  },
  "delta_hyperbolicity": {
    "delta_rel_mean": 0.402674619388529,
    "delta_rel_std": 0.016329336336887802,
    "delta_batch": 512,
    "delta_n_tries": 8
  },
  "hierarchy": {
    "cophenetic_corr": 0.6878257786739097,
    "class_mean_depth_mean": 3.8331010341644287,
    "class_mean_depth_std": 0.45147931575775146,
    "class_mean_depth_known_mean": 4.132984161376953,
    "class_mean_depth_novel_mean": 3.5332181453704834
  },
  "predicted_acc_on_split": null
}