{
  "name": "rep",
  "method": "simgcd",
  "dataset": "cub",
  "dino": "v1",
  "split": "train_unlabelled",
  "n_points": 4000,
  "dim": 768,
  "n_classes": 178,
  "n_known_classes": 100,
  "curvature_c": 0.1,
  "ball_radius": 3.162277660168379,
  "global_mean_depth": 0.2539811432361603,
  "embedding": {
    "embed": "pca",
    "explained_variance_ratio": [
      0.07972204685211182,
      0.07872027903795242
    ]
  },
  "radial": {
    "depth_mean": 4.599998950958252,
    "depth_std": 8.719733841644484e-07,
    "depth_min": 4.599997520446777,
    "depth_max": 4.600001335144043,
    "eucl_norm_mean": 1.9651193618774414,
    "eucl_norm_max": 1.9651199579238892,
    "ball_radius": 3.162277660168379,
    "rel_norm_mean": 0.6214253306388855,
    "rel_norm_max": 0.6214255094528198,
    "frac_near_boundary_0.9R": 0.0
  },
  "directional_uniformity": {
    "mean_resultant_length": 0.09063227474689484,
    "cos_abs_mean": 0.13918457925319672,
    "cos_mean": 0.009802445769309998,
    "cos_std": 0.21104395389556885
  },
  "distance_uniformity": {
    "uniformity_loss_t1": -9.22061580315481,
    "pair_dist_mean": 7.216236691137081,
    "pair_dist_std": 0.7765586861911474,
    "pair_dist_median": 7.433617398153819
  },
  "alignment_separation": {
    "alignment_intra_mean": 2.594623058940436,
    "separation_intermean_mean": 5.101634529938287,
    "separation_over_alignment": 1.966233403496924
  },
  "delta_hyperbolicity": {
    "delta_rel_mean": 0.3402932691843738,
    "delta_rel_std": 0.00849615062211872,
    "delta_batch": 512,
    "delta_n_tries": 8
  },
  "hierarchy": {
    "cophenetic_corr": 0.7135774153026373,
    "class_mean_depth_mean": 3.3712728023529053,
    "class_mean_depth_std": 0.4936971962451935,
    "class_mean_depth_known_mean": 3.5962746143341064,
    "class_mean_depth_novel_mean": 3.146270751953125
  },
  "predicted_acc_on_split": null
}